channel,audience,completion
email,small-business owners,"Your books should not run your evenings. LedgerLoop reconciles every transaction overnight, so you open the app to a clean ledger and a clear head. Spend the morning on customers, not spreadsheets."
landing-page,freelance designers,"Invoices that look as sharp as your work. Build, brand, and send a polished invoice in under a minute, then track every view and payment from one calm dashboard. Get paid faster without chasing."
social,fitness coaches,"Programming for forty clients used to mean forty late nights. Now you drag, drop, and assign a full training block in minutes, and your athletes get it in an app they actually open. Coach more, type less."
email,SaaS marketers,"Attribution should not feel like detective work. PathClear stitches every touch into one clean journey, so you can finally say which campaign earned the revenue and where to put the next dollar."
landing-page,indie game studios,"Ship your build to playtesters in one click. PlayGate handles keys, versioning, and feedback in a single link, so you spend your week making the game better, not managing downloads."
social,independent bookstores,"Your shelves have a personality. ShelfStory gives your online store the same voice, with handpicked staff favorites and reading lists that sound like you, not an algorithm. Loyal readers notice the difference."
email,HR leaders,"Onboarding sets the tone for the next two years. WarmStart walks each new hire through paperwork, intros, and first-week goals at a human pace, so day one feels welcoming instead of overwhelming."
landing-page,sustainable fashion brands,"Transparency you can wear. Every garment links to its materials, makers, and miles traveled, so your customers buy with confidence and come back because the story holds up. Honesty is the new luxury."
social,local coffee roasters,"That bag on the shelf traveled further than most people do in a year. We trace each lot back to the farm, name the grower, and roast small so the cup tastes like somewhere, not anywhere."
email,nonprofit fundraisers,"Donors give to progress they can see. GiveClear turns each campaign into a simple story of dollars in and impact out, with updates that thank supporters and show exactly what their gift moved."
landing-page,boutique fitness studios,"Fill your 6am class without discounting it. BookBright surfaces your most-loved sessions, nudges regulars before spots vanish, and turns first-timers into members with a follow-up that feels personal."
social,artisan bakeries,"Sourdough does not rush, and neither do we. Each loaf proofs overnight and bakes at dawn, so the crust cracks and the crumb sings. Come early; when it is gone, it is gone until tomorrow."
